{
  "indexes": [
    {
      "collectionGroup": "fitness_locations",
      "queryScope": "COLLECTION",
      "fields": [
        { "fieldPath": "isValidated", "order": "ASCENDING" },
        { "fieldPath": "averageRating", "order": "DESCENDING" }
      ]
    },
    {
      "collectionGroup": "fitness_locations",
      "queryScope": "COLLECTION",
      "fields": [
        { "fieldPath": "type", "order": "ASCENDING" },
        { "fieldPath": "averageRating", "order": "DESCENDING" }
      ]
    },
    {
      "collectionGroup": "reviews",
      "queryScope": "COLLECTION",
      "fields": [
        { "fieldPath": "locationId", "order": "ASCENDING" },
        { "fieldPath": "createdAt", "order": "DESCENDING" }
      ]
    },
    {
      "collectionGroup": "workouts",
      "queryScope": "COLLECTION",
      "fields": [
        { "fieldPath": "userId", "order": "ASCENDING" },
        { "fieldPath": "date", "order": "DESCENDING" }
      ]
    },
    {
      "collectionGroup": "location_suggestions",
      "queryScope": "COLLECTION",
      "fields": [
        { "fieldPath": "status", "order": "ASCENDING" },
        { "fieldPath": "createdAt", "order": "DESCENDING" }
      ]
    }
  ]
}