{
  "project_info": {
    "project_number": "204554086794",
    "firebase_url": "https://fitspot-63354-default-rtdb.europe-west1.firebasedatabase.app",
    "project_id": "fitspot-63354",
    "storage_bucket": "fitspot-63354.firebasestorage.app"
  },
  "client": [
    {
      "client_info": {
        "mobilesdk_app_id": "1:204554086794:android:3bf006f349f9ebdbeb4073",
        "android_client_info": {
          "package_name": "com.mycompany.CounterApp"
        }
      },
      "oauth_client": [
        {
          "client_id": "204554086794-vsfmlp4apu0pq6n3mhfv0mklm5g9c73e.apps.googleusercontent.com",
          "client_type": 3
        }
      ],
      "api_key": [
        {
          "current_key": "AIzaSyB3Kt5CtlRa1DQSE5CqALDG-wgDNSF0s9Y"
        }
      ],
      "services": {
        "appinvite_service": {
          "other_platform_oauth_client": [
            {
              "client_id": "204554086794-vsfmlp4apu0pq6n3mhfv0mklm5g9c73e.apps.googleusercontent.com",
              "client_type": 3
            }
          ]
        }
      }
    }
  ],
  "configuration_version": "1"
}